{
    "id": "28175123244",
    "originalformat": "jpg",
    "username": "summitsport",
    "location": "",
    "title": "HH1 (52km 2000 D+) - 2014.09.07",
    "description": "Read more about this climbing trip here (in Hungarian):\nBesz\u00e1mol\u00f3nkat a m\u00e1sz\u00e1sr\u00f3l itt olvashatod:\n<a href=\"http://www.summitsport.hu/maszas/2014/09/hh1-52km-2000-d\" rel=\"noreferrer nofollow\">www.summitsport.hu/maszas/2014/09/hh1-52km-2000-d</a>",
    "date_taken": "2014-09-07 00:00:00",
    "url": "https://live.staticflickr.com/8131/28175123244_e4b1c9321f_o.jpg",
    "width": 3169,
    "height": 2377
}