{
    "id": "28172325733",
    "originalformat": "jpg",
    "username": "summitsport",
    "location": "",
    "title": "Tahoe Rim Trail (Kingsbury trailhead) - 2015.09.11",
    "description": "Read more about this climbing trip here (in Hungarian):\nBesz\u00e1mol\u00f3nkat a m\u00e1sz\u00e1sr\u00f3l itt olvashatod:\n<a href=\"http://www.summitsport.hu/maszas/2015/09/tahoe-rim-trail-kingsbury-trailhead\" rel=\"noreferrer nofollow\">www.summitsport.hu/maszas/2015/09/tahoe-rim-trail-kingsbu...</a>",
    "date_taken": "2015-09-11 00:00:00",
    "url": "https://live.staticflickr.com/8140/28172325733_e376964a42_o.jpg",
    "width": 1200,
    "height": 800
}