{
    "id": "28185087413",
    "originalformat": "jpg",
    "username": "summitsport",
    "location": "",
    "title": "Giessw\u00e4nde - 2013.10.20",
    "description": "Read more about this climbing trip here (in Hungarian):\nBesz\u00e1mol\u00f3nkat a m\u00e1sz\u00e1sr\u00f3l itt olvashatod:\n<a href=\"http://www.summitsport.hu/maszas/2013/10/giesswande\" rel=\"noreferrer nofollow\">www.summitsport.hu/maszas/2013/10/giesswande</a>",
    "date_taken": "2013-10-20 00:00:00",
    "url": "https://live.staticflickr.com/8656/28185087413_73a9bbac5c_o.jpg",
    "width": 1334,
    "height": 1000
}