{
    "id": "28515196220",
    "originalformat": "jpg",
    "username": "summitsport",
    "location": "",
    "title": "Schneeberg Fadensteig - 2013.12.22",
    "description": "Read more about this climbing trip here (in Hungarian):\nBesz\u00e1mol\u00f3nkat a m\u00e1sz\u00e1sr\u00f3l itt olvashatod:\n<a href=\"http://www.summitsport.hu/maszas/2013/12/schneeberg-fadensteig-2013-12-22\" rel=\"noreferrer nofollow\">www.summitsport.hu/maszas/2013/12/schneeberg-fadensteig-2...</a>",
    "date_taken": "2013-12-22 00:00:00",
    "url": "https://live.staticflickr.com/8522/28515196220_2088f07fa4_o.jpg",
    "width": 1494,
    "height": 1000
}