{
    "id": "28686102862",
    "originalformat": "jpg",
    "username": "summitsport",
    "location": "",
    "title": "Ausztria j\u00e9gm\u00e1sz\u00f3 t\u00fara, Kolm-Saigurn - 2015.02.09",
    "description": "Read more about this climbing trip here (in Hungarian):\nBesz\u00e1mol\u00f3nkat a m\u00e1sz\u00e1sr\u00f3l itt olvashatod:\n<a href=\"http://www.summitsport.hu/maszas/2015/02/ausztria-jegmaszo-tura-kolmsaigurn-2015-02-09\" rel=\"noreferrer nofollow\">www.summitsport.hu/maszas/2015/02/ausztria-jegmaszo-tura-...</a>",
    "date_taken": "2015-02-09 00:00:00",
    "url": "https://live.staticflickr.com/8815/28686102862_ea12458579_o.jpg",
    "width": 1334,
    "height": 1000
}