{
    "id": "28759247546",
    "originalformat": "jpg",
    "username": "summitsport",
    "location": "",
    "title": "Kleiner Wildkamm (1757m) - 2015.03.08",
    "description": "Read more about this climbing trip here (in Hungarian):\nBesz\u00e1mol\u00f3nkat a m\u00e1sz\u00e1sr\u00f3l itt olvashatod:\n<a href=\"http://www.summitsport.hu/maszas/2015/03/kleiner-wildkamm-1757m\" rel=\"noreferrer nofollow\">www.summitsport.hu/maszas/2015/03/kleiner-wildkamm-1757m</a>",
    "date_taken": "2015-03-08 00:00:00",
    "url": "https://live.staticflickr.com/8811/28759247546_75deb27b41_o.jpg",
    "width": 2592,
    "height": 1944
}