{
    "id": "28767939536",
    "originalformat": "jpg",
    "username": "summitsport",
    "location": "",
    "title": "Rauristal - Kolm Saigurn - 2014.02.09",
    "description": "Read more about this climbing trip here (in Hungarian):\nBesz\u00e1mol\u00f3nkat a m\u00e1sz\u00e1sr\u00f3l itt olvashatod:\n<a href=\"http://www.summitsport.hu/maszas/2014/02/rauristal-kolm-saigurn\" rel=\"noreferrer nofollow\">www.summitsport.hu/maszas/2014/02/rauristal-kolm-saigurn</a>",
    "date_taken": "2014-02-09 00:00:00",
    "url": "https://live.staticflickr.com/8126/28767939536_fe688e3a8d_o.jpg",
    "width": 1334,
    "height": 1000
}