{
    "id": "28776924966",
    "originalformat": "jpg",
    "username": "summitsport",
    "location": "",
    "title": "Sentinels Pass - 2012.06.01",
    "description": "Read more about this climbing trip here (in Hungarian):\nBesz\u00e1mol\u00f3nkat a m\u00e1sz\u00e1sr\u00f3l itt olvashatod:\n<a href=\"http://www.summitsport.hu/maszas/2012/06/sentinels-pass\" rel=\"noreferrer nofollow\">www.summitsport.hu/maszas/2012/06/sentinels-pass</a>",
    "date_taken": "2012-06-01 00:00:00",
    "url": "https://live.staticflickr.com/8286/28776924966_c55db39070_o.jpg",
    "width": 1600,
    "height": 1071
}