{
    "id": "28786702985",
    "originalformat": "jpg",
    "username": "summitsport",
    "location": "",
    "title": "Wechsel Panoramaloipe - Feistritzsattel - 2016.03.14",
    "description": "Read more about this climbing trip here (in Hungarian):\nBesz\u00e1mol\u00f3nkat a m\u00e1sz\u00e1sr\u00f3l itt olvashatod:\n<a href=\"http://www.summitsport.hu/maszas/2016/03/wechsel-panoramaloipe-feistritzsattel\" rel=\"noreferrer nofollow\">www.summitsport.hu/maszas/2016/03/wechsel-panoramaloipe-f...</a>",
    "date_taken": "2016-03-14 00:00:00",
    "url": "https://live.staticflickr.com/8590/28786702985_af05f8bc48_o.jpg",
    "width": 1632,
    "height": 916
}