{
    "id": "2879680795",
    "originalformat": "jpg",
    "username": "richard ling",
    "location": "Sydney, Australia",
    "title": "Australian Mado",
    "description": "An Australian Mado (<a href=\"http://www.fishbase.org/Summary/speciesSummary.php?genusname=Atypichthys&amp;speciesname=strigatus\" rel=\"noreferrer nofollow\"><i>Atypichthys strigatus</i></a>). Fish and Chips, South West Rocks, NSW",
    "date_taken": "2008-03-23 13:41:17",
    "url": "https://live.staticflickr.com/3288/2879680795_a9d885478e_o.jpg",
    "width": 1024,
    "height": 768
}