{
    "id": "30781581097",
    "originalformat": "jpg",
    "username": "noname_clark",
    "location": "United States",
    "title": "Old Staircase",
    "description": "This is one of the staircases that we went down in Hohenwerfen Castle in Werfen. View this photo on my blog <a href=\"https://www.noahclark.org/?7073\" rel=\"noreferrer nofollow\">here</a>.",
    "date_taken": "2018-09-26 13:14:21",
    "url": "https://live.staticflickr.com/4895/30781581097_bd0dfc15f5_o.jpg",
    "width": 1024,
    "height": 1536
}