{
    "id": "30781586917",
    "originalformat": "jpg",
    "username": "noname_clark",
    "location": "United States",
    "title": "Hohenwerfen Bell",
    "description": "This is the bell that is in the bell tower in Hohenwerfen  Castle in Werfen. View this photo on my blog <a href=\"https://www.noahclark.org/?7084\" rel=\"noreferrer nofollow\">here</a>.",
    "date_taken": "2018-09-26 13:43:48",
    "url": "https://live.staticflickr.com/4813/30781586917_dcff9261bf_o.jpg",
    "width": 1024,
    "height": 667
}