{
    "id": "30802474827",
    "originalformat": "jpg",
    "username": "noname_clark",
    "location": "United States",
    "title": "Senyera Flag",
    "description": "This is the Eastern Catalan flag, or Senyera Flag. This photo was taken from the top of the bell tower in the Basilica of Santa Maria del Pi. View this photo on my blog <a href=\"https://www.noahclark.org/?7143\" rel=\"noreferrer nofollow\">here</a>.",
    "date_taken": "2018-09-28 12:40:09",
    "url": "https://live.staticflickr.com/1931/30802474827_d67ee56928_o.jpg",
    "width": 1024,
    "height": 1536
}