{
    "id": "4056096431",
    "originalformat": "jpg",
    "username": "richard ling",
    "location": "Sydney, Australia",
    "title": "Australian Giant Cuttlefish",
    "description": "Australian Giant Cuttlefish (<i>Sepia apama</i>). Shelly Beach, Manly, NSW\n\nThis sequence of four shots are of the same individual taken a few seconds apart.  They show the amazing ability of these animals to change not just the colour but the texture of their skin, at will.",
    "date_taken": "2009-05-30 10:59:55",
    "url": "https://live.staticflickr.com/2710/4056096431_b9cc778cb9_o.jpg",
    "width": 1024,
    "height": 768
}