{
    "id": "4056096119",
    "originalformat": "jpg",
    "username": "richard ling",
    "location": "Sydney, Australia",
    "title": "Australian Giant Cuttlefish",
    "description": "Australian Giant Cuttlefish (<i>Sepia apama</i>) displaying white colouration. Shelly Beach, Manly, NSW\n\nThis sequence of four shots are of the same individual taken a few seconds apart.  They show the amazing ability of these animals to change not just the colour but the texture of their skin, at will.",
    "date_taken": "2009-05-30 10:58:46",
    "url": "https://live.staticflickr.com/2796/4056096119_696c69b5ae_o.jpg",
    "width": 1024,
    "height": 768
}