{
    "id": "438036424",
    "originalformat": "jpg",
    "username": "richard ling",
    "location": "Sydney, Australia",
    "title": "Australian Mado",
    "description": "A small shoal of Australian Mado (<a href=\"http://www.fishbase.org/Summary/speciesSummary.php?genusname=Atypichthys&amp;speciesname=strigatus\" rel=\"noreferrer nofollow\"><i>Atypichthys strigatus</i></a>) in blue water. Seal Rocks, NSW",
    "date_taken": "2005-02-12 09:33:18",
    "url": "https://live.staticflickr.com/148/438036424_589467892c_o.jpg",
    "width": 1024,
    "height": 768
}