{
    "id": "43903612430",
    "originalformat": "jpg",
    "username": "noname_clark",
    "location": "United States",
    "title": "Pegasus Fountain",
    "description": "This was sculpted by Innsbruck artist Kaspar Gras. It was installed in the Mirabell Park in 1913. View this photo on my blog <a href=\"https://www.noahclark.org/?6972\" rel=\"noreferrer nofollow\">here</a>.",
    "date_taken": "2018-09-25 08:47:45",
    "url": "https://live.staticflickr.com/4896/43903612430_ea69b608f8_o.jpg",
    "width": 1024,
    "height": 1154
}