{
    "id": "44692250785",
    "originalformat": "jpg",
    "username": "noname_clark",
    "location": "United States",
    "title": "Vordere Brandjochspitze",
    "description": "The peak in the center-right of the photo is Vordere Brandjochspitze. Standing at 2,559m (8,396 ft) tall is one of the highest peaks in the Karwendel mountain range. The smaller peak to the left is Hechenberg at 1,943m (6,374ft) tall.  View this photo on my blog <a href=\"https://www.noahclark.org/?6853\" rel=\"noreferrer nofollow\">here</a>.",
    "date_taken": "2018-09-23 10:22:05",
    "url": "https://live.staticflickr.com/1938/44692250785_0de8bbfbfc_o.jpg",
    "width": 1024,
    "height": 683
}