{
    "id": "44692297405",
    "originalformat": "jpg",
    "username": "noname_clark",
    "location": "United States",
    "title": "View of the City",
    "description": "After we took the cable car down, we stopped before taking the funicular all the way back down to the city. This spot provided a much better view of the city without all the haze and a little closer to it. View this photo on my blog <a href=\"https://www.noahclark.org/?6897\" rel=\"noreferrer nofollow\">here</a>.",
    "date_taken": "2018-09-23 14:27:25",
    "url": "https://live.staticflickr.com/1913/44692297405_96ee34faf4_o.jpg",
    "width": 1024,
    "height": 683
}