{
    "id": "44828750495",
    "originalformat": "jpg",
    "username": "noname_clark",
    "location": "United States",
    "title": "MNAC",
    "description": "This is the Museum of Art in Barcelona, or MNAC for short (which stands for Museu Nacional D'Art De Catalunya). We didn't go inside, but it was a magnificent building.  View this photo on my blog <a href=\"https://www.noahclark.org/?7169\" rel=\"noreferrer nofollow\">here</a>.",
    "date_taken": "2018-09-28 16:01:36",
    "url": "https://live.staticflickr.com/4895/44828750495_37123c3b15_o.jpg",
    "width": 1024,
    "height": 648
}