{
    "id": "44828766465",
    "originalformat": "jpg",
    "username": "noname_clark",
    "location": "United States",
    "title": "MNAC At Night",
    "description": "We turned around during the Magic Fountain show to realize that the MNAC had giant light beams coming out of it.  View this photo on my blog <a href=\"https://www.noahclark.org/?7186\" rel=\"noreferrer nofollow\">here</a>.",
    "date_taken": "2018-09-28 22:07:09",
    "url": "https://live.staticflickr.com/1913/44828766465_e7d718a1a5_o.jpg",
    "width": 1024,
    "height": 779
}