{
    "id": "44828716915",
    "originalformat": "jpg",
    "username": "noname_clark",
    "location": "United States",
    "title": "Sagrada Fam\u00edlia",
    "description": "The Sagrada Fam\u00edlia has been under construction since 1882 and just passed it's halfway point earlier in the decade. Needless to say, there's still a lot of work to be done and they won't be done anytime soon! View this photo on my blog <a href=\"https://www.noahclark.org/?7113\" rel=\"noreferrer nofollow\">here</a>.",
    "date_taken": "2018-09-28 08:45:46",
    "url": "https://live.staticflickr.com/1946/44828716915_ff8f6c28bd_o.jpg",
    "width": 1024,
    "height": 1567
}