{
    "id": "44997164034",
    "originalformat": "jpg",
    "username": "noname_clark",
    "location": "United States",
    "title": "Foggy Morning",
    "description": "We made it to Eisriesenwelt in the mid-morning. The sun had barely risen to hit all of the valley, so the fog was starting to lift. Luckily, some of it was still there by the time we got to the cave and I could take a photo of it.  View this photo on my blog <a href=\"https://www.noahclark.org/?7059\" rel=\"noreferrer nofollow\">here</a>.",
    "date_taken": "2018-09-26 09:17:26",
    "url": "https://live.staticflickr.com/4809/44997164034_8453cd3ca3_o.jpg",
    "width": 1024,
    "height": 683
}