{
    "id": "45399573982",
    "originalformat": "jpg",
    "username": "noname_clark",
    "location": "United States",
    "title": "Flags",
    "description": "We sat in the main square, the Markt, while we waited for everything to open up.  View this photo on my blog <a href=\"https://www.noahclark.org/?6769\" rel=\"noreferrer nofollow\">here</a>.",
    "date_taken": "2018-09-20 10:39:54",
    "url": "https://live.staticflickr.com/1919/45399573982_49b7aca91f_o.jpg",
    "width": 1024,
    "height": 683
}