{
    "id": "4556812621",
    "originalformat": "jpg",
    "username": "richard ling",
    "location": "Sydney, Australia",
    "title": "Australian Mado",
    "description": "Australian Mado (<a href=\"http://www.fishbase.org/Summary/speciesSummary.php?genusname=Atypichthys&amp;speciesname=strigatus\" rel=\"noreferrer nofollow\"><i>Atypichthys strigatus</i></a>) in blue water. Burrill Rocks, Ulladulla, NSW",
    "date_taken": "2009-12-30 09:56:06",
    "url": "https://live.staticflickr.com/3419/4556812621_4209de23c8_o.jpg",
    "width": 1024,
    "height": 768
}