{
    "id": "45671480412",
    "originalformat": "jpg",
    "username": "noname_clark",
    "location": "United States",
    "title": "Tenneck",
    "description": "The ice caves that we went to may have technically been in Werfen, but we took a bus that went pretty far North to get to the ice cave entrance. So far North that you couldn't even see Werfen anymore! This is the city of Tenneck. View this photo on my blog <a href=\"https://www.noahclark.org/?7044\" rel=\"noreferrer nofollow\">here</a>.",
    "date_taken": "2018-09-26 08:44:24",
    "url": "https://live.staticflickr.com/1969/45671480412_b79ef60758_o.jpg",
    "width": 1024,
    "height": 683
}