{
    "id": "45671490592",
    "originalformat": "jpg",
    "username": "noname_clark",
    "location": "United States",
    "title": "Salzach River",
    "description": "The valley that Werfen and Tenneck are is also share the same river that Salzburg chares, the Salzach River. View this photo on my blog <a href=\"https://www.noahclark.org/?7066\" rel=\"noreferrer nofollow\">here</a>.",
    "date_taken": "2018-09-26 10:49:24",
    "url": "https://live.staticflickr.com/1941/45671490592_deb94143e0_o.jpg",
    "width": 1024,
    "height": 1448
}