{
    "id": "45692357822",
    "originalformat": "jpg",
    "username": "noname_clark",
    "location": "United States",
    "title": "Busy City",
    "description": "We went up to the Monfjuic park which provided spectacular views of the city.  View this photo on my blog <a href=\"https://www.noahclark.org/?7150\" rel=\"noreferrer nofollow\">here</a>.",
    "date_taken": "2018-09-28 14:00:47",
    "url": "https://live.staticflickr.com/1909/45692357822_04dab2bbea_o.jpg",
    "width": 1024,
    "height": 722
}