{
    "id": "4625918297",
    "originalformat": "jpg",
    "username": "naturalturn",
    "location": "Sunnyvale, USA",
    "title": "Zan vs. Zan",
    "description": "This is a real photo, not a photoshop composite! Zan Moore is spinning flowtoys' double light staves.\nStrobist info: Two-second exposure with both front and rear curtain flash to get the two images of Zan. Radio-triggered Sunpak 622's firing into umbrellas camera right and left, with a third bare Sunpak 622 in the background camera left providing rim lighting. [098124]",
    "date_taken": "2010-05-03 21:30:24",
    "url": "https://live.staticflickr.com/3378/4625918297_8ba9e72628_o.jpg",
    "width": 2411,
    "height": 3616
}