{
    "id": "4626523542",
    "originalformat": "jpg",
    "username": "naturalturn",
    "location": "Sunnyvale, USA",
    "title": "Ninja Zan",
    "description": "This is a real photo, not a photoshop composite!\nStrobist info: Start with Zan in flight. He looks fierce, lands, and cowers from his alter ego, all while spinning Flowtoys light staves. 2-second exposure with both front and rear curtain flash, radio-triggering Sunpak 622s in umbrellas camera left and right and one in the background camera left for rim lighting. [098123]",
    "date_taken": "2010-05-03 21:29:21",
    "url": "https://live.staticflickr.com/3369/4626523542_d01de5321c_o.jpg",
    "width": 2489,
    "height": 3168
}