{
    "id": "4718445835",
    "originalformat": "jpg",
    "username": "richard ling",
    "location": "Sydney, Australia",
    "title": "Australian Mado",
    "description": "Australian Mado (<a href=\"http://www.fishbase.org/Summary/speciesSummary.php?genusname=Atypichthys&amp;speciesname=strigatus\" rel=\"noreferrer nofollow\"><i>Atypichthys strigatus</i></a>) in blue water. Shelly Beach, Manly, NSW",
    "date_taken": "2010-03-20 14:15:36",
    "url": "https://live.staticflickr.com/4034/4718445835_575aa0fc41_o.jpg",
    "width": 1024,
    "height": 768
}