{
    "id": "6029576597",
    "originalformat": "jpg",
    "username": "VCU Libraries",
    "location": null,
    "title": "17 East Clay Street",
    "description": "\n<b>Address/Title</b>: 17 East Clay Street\n\n<b>Photographer</b>: Zehmer, John G. (John Granderson), 1942-\n\n<b>Original Description (from Book)</b>: This house is similar to its neighbors, has a simplified porch with no railings, and rectangular rather than arched windows. It was recently damaged by fire.\n\n<b>City/Location</b>: Richmond (Va.)\n\n<b>Date of photograph</b>: ca. 1978\n\n<b>Map URL</b>: <a href=\"http://maps.google.com/maps?q=37.547148,+-77.440142+(17 East Clay Street, Richmond, VA)&amp;iwloc=A&amp;hl=en\" rel=\"noreferrer nofollow\">maps.google.com/maps?q=37.547148,+-77.440142+(17%20East%2...</a>\n\n<b>Original Publication</b>: Zehmer, John G., and Robert P. Winthrop. 1978. The Jackson Ward historic district. Richmond: Dept. of Planning and Community Development.\n\n<b>Rights</b>: <a href=\"http://www.library.vcu.edu/copyright.html\" rel=\"noreferrer nofollow\">www.library.vcu.edu/copyright.html</a>\n\n<b>Reference URL</b>: <a href=\"http://dig.library.vcu.edu/u?/jwh,326\" rel=\"noreferrer nofollow\">dig.library.vcu.edu/u?/jwh,326</a>\n\n<b>Collection</b>: <a href=\"http://go.vcu.edu/jacksonward\" rel=\"noreferrer nofollow\">VCU Jackson Ward Historic District</a>\n\n",
    "date_taken": "1978-01-01 00:00:00",
    "url": "https://live.staticflickr.com/6202/6029576597_7de952eb31_o.jpg",
    "width": 3255,
    "height": 4002
}