{
    "id": "6029793037",
    "originalformat": "jpg",
    "username": "VCU Libraries",
    "location": null,
    "title": "626 North Fourth Street",
    "description": "\n<b>Address/Title</b>: 626 North Fourth Street\n\n<b>Photographer</b>: Zehmer, John G. (John Granderson), 1942-\n\n<b>Original Description (from Book)</b>: The windows suggest this house dates from the immediate post Civil War period. The handsome Ionic porch was added in the early twentieth century.\n\n<b>City/Location</b>: Richmond (Va.)\n\n<b>Date of photograph</b>: ca. 1978\n\n<b>Map URL</b>: <a href=\"http://maps.google.com/maps?q=37.546385,+-77.435293+(626 North Fourth Street, Richmond, VA)&amp;iwloc=A&amp;hl=en\" rel=\"noreferrer nofollow\">maps.google.com/maps?q=37.546385,+-77.435293+(626%20North...</a>\n\n<b>Original Publication</b>: Zehmer, John G., and Robert P. Winthrop. 1978. The Jackson Ward historic district. Richmond: Dept. of Planning and Community Development.\n\n<b>Rights</b>: <a href=\"http://www.library.vcu.edu/copyright.html\" rel=\"noreferrer nofollow\">www.library.vcu.edu/copyright.html</a>\n\n<b>Reference URL</b>: <a href=\"http://dig.library.vcu.edu/u?/jwh,741\" rel=\"noreferrer nofollow\">dig.library.vcu.edu/u?/jwh,741</a>\n\n<b>Collection</b>: <a href=\"http://go.vcu.edu/jacksonward\" rel=\"noreferrer nofollow\">VCU Jackson Ward Historic District</a>\n\n",
    "date_taken": "1978-01-01 00:00:00",
    "url": "https://live.staticflickr.com/6069/6029793037_cc7ea56897_o.jpg",
    "width": 2502,
    "height": 4001
}