{
    "id": "6029533685",
    "originalformat": "jpg",
    "username": "VCU Libraries",
    "location": null,
    "title": "20 West Marshall Street",
    "description": "\n<b>Address/Title</b>: 20 West Marshall Street\n\n<b>Photographer</b>: Zehmer, John G. (John Granderson), 1942-\n\n<b>Original Description (from Book)</b>: This abandoned house retains a very fine cast iron porch. Built on a high basement, the major architectural features are preserved in spite of the houses' [i.e. house's] ill repair.\n\n<b>City/Location</b>: Richmond (Va.)\n\n<b>Date of photograph</b>: ca. 1978\n\n<b>Map URL</b>: <a href=\"http://maps.google.com/maps?q=37.54678,+-77.411516+(20 West Marshall Street, Richmond, VA)&amp;iwloc=A&amp;hl=en\" rel=\"noreferrer nofollow\">maps.google.com/maps?q=37.54678,+-77.411516+(20%20West%20...</a>\n\n<b>Original Publication</b>: Zehmer, John G., and Robert P. Winthrop. 1978. The Jackson Ward historic district. Richmond: Dept. of Planning and Community Development.\n\n<b>Rights</b>: <a href=\"http://www.library.vcu.edu/copyright.html\" rel=\"noreferrer nofollow\">www.library.vcu.edu/copyright.html</a>\n\n<b>Reference URL</b>: <a href=\"http://dig.library.vcu.edu/u?/jwh,247\" rel=\"noreferrer nofollow\">dig.library.vcu.edu/u?/jwh,247</a>\n\n<b>Collection</b>: <a href=\"http://go.vcu.edu/jacksonward\" rel=\"noreferrer nofollow\">VCU Jackson Ward Historic District</a>\n\n",
    "date_taken": "1978-01-01 00:00:00",
    "url": "https://live.staticflickr.com/6077/6029533685_84001502f5_o.jpg",
    "width": 4001,
    "height": 3935
}