{
    "id": "6029675873",
    "originalformat": "jpg",
    "username": "VCU Libraries",
    "location": null,
    "title": "216 West Leigh Street,Ebenezer Baptist Church",
    "description": "\n<b>Address/Title</b>: 216 West Leigh Street\n\n<b>Other Title(s)</b>: Ebenezer Baptist Church\n\n<b>Photographer</b>: Zehmer, John G. (John Granderson), 1942-\n\n<b>Original Description (from Book)</b>: Ebenezzer [i.e. Ebenezer] Baptist Church - One of the most prominent landmarks of the Jackson Ward, this building was built in the 1870's replacing the original church. The spire has been removed, but the building remains dignified and impressive.\n\n<b>City/Location</b>: Richmond (Va.)\n\n<b>Date of photograph</b>: ca. 1978\n\n<b>Map URL</b>: <a href=\"http://maps.google.com/maps?q=37.549911,+-77.441703+(216 West Leigh Street, Richmond, VA)&amp;iwloc=A&amp;hl=en\" rel=\"noreferrer nofollow\">maps.google.com/maps?q=37.549911,+-77.441703+(216%20West%...</a>\n\n<b>Original Publication</b>: Zehmer, John G., and Robert P. Winthrop. 1978. The Jackson Ward historic district. Richmond: Dept. of Planning and Community Development.\n\n<b>Rights</b>: <a href=\"http://www.library.vcu.edu/copyright.html\" rel=\"noreferrer nofollow\">www.library.vcu.edu/copyright.html</a>\n\n<b>Reference URL</b>: <a href=\"http://dig.library.vcu.edu/u?/jwh,508\" rel=\"noreferrer nofollow\">dig.library.vcu.edu/u?/jwh,508</a>\n\n<b>Collection</b>: <a href=\"http://go.vcu.edu/jacksonward\" rel=\"noreferrer nofollow\">VCU Jackson Ward Historic District</a>\n\n",
    "date_taken": "1978-01-01 00:00:00",
    "url": "https://live.staticflickr.com/6073/6029675873_e2bd353bfb_o.jpg",
    "width": 4019,
    "height": 3991
}