{
    "id": "6030259368",
    "originalformat": "jpg",
    "username": "VCU Libraries",
    "location": null,
    "title": "5 - 7 - 9 West DuVal Street",
    "description": "\n<b>Address/Title</b>: 5 - 7 - 9 West DuVal Street\n\n<b>Photographer</b>: Zehmer, John G. (John Granderson), 1942-\n\n<b>Original Description (from Book)</b>: A three unit row of Italianate houses, this group has a well-preserved wooden porch and cornice. Numbers 7 and 9 have been altered by the addition of asphalt shingles in place of the original wood sliding. They retain their original wood fences. Number 5 has had new small windows added which destroy the scale of the row.\n\n<b>City/Location</b>: Richmond (Va.)\n\n<b>Date of photograph</b>: ca. 1978\n\n<b>Map URL</b>: <a href=\"http://maps.google.com/maps?q=37.55005,+-77.437429+(5 West DuVal Street, Richmond, VA)&amp;iwloc=A&amp;hl=en\" rel=\"noreferrer nofollow\">maps.google.com/maps?q=37.55005,+-77.437429+(5%20West%20D...</a>\n\n<b>Original Publication</b>: Zehmer, John G., and Robert P. Winthrop. 1978. The Jackson Ward historic district. Richmond: Dept. of Planning and Community Development.\n\n<b>Rights</b>: <a href=\"http://www.library.vcu.edu/copyright.html\" rel=\"noreferrer nofollow\">www.library.vcu.edu/copyright.html</a>\n\n<b>Reference URL</b>: <a href=\"http://dig.library.vcu.edu/u?/jwh,560\" rel=\"noreferrer nofollow\">dig.library.vcu.edu/u?/jwh,560</a>\n\n<b>Collection</b>: <a href=\"http://go.vcu.edu/jacksonward\" rel=\"noreferrer nofollow\">VCU Jackson Ward Historic District</a>\n\n",
    "date_taken": "1978-01-01 00:00:00",
    "url": "https://live.staticflickr.com/6085/6030259368_501f119170_o.jpg",
    "width": 4018,
    "height": 2743
}