{
    "id": "6030178926",
    "originalformat": "jpg",
    "username": "VCU Libraries",
    "location": null,
    "title": "315 - 317 - 319 - 321 West Clay Street",
    "description": "\n<b>Address/Title</b>: 315 - 317 - 319 - 321 West Clay Street\n\n<b>Photographer</b>: Zehmer, John G. (John Granderson), 1942-\n\n<b>Original Description (from Book)</b>: This is a beautiful and well-preserved large row in the Italianate style with a wooden porch. The middle two houses are pulled forward, as a pavillion [i.e. pavilion]. This was the site of the William Davis house.\n\n<b>City/Location</b>: Richmond (Va.)\n\n<b>Date of photograph</b>: ca. 1978\n\n<b>Map URL</b>: <a href=\"http://maps.google.com/maps?q=37.548817,+-77.442934+(315 West Clay Street, Richmond, VA)&amp;iwloc=A&amp;hl=en\" rel=\"noreferrer nofollow\">maps.google.com/maps?q=37.548817,+-77.442934+(315%20West%...</a>\n\n<b>Original Publication</b>: Zehmer, John G., and Robert P. Winthrop. 1978. The Jackson Ward historic district. Richmond: Dept. of Planning and Community Development.\n\n<b>Rights</b>: <a href=\"http://www.library.vcu.edu/copyright.html\" rel=\"noreferrer nofollow\">www.library.vcu.edu/copyright.html</a>\n\n<b>Reference URL</b>: <a href=\"http://dig.library.vcu.edu/u?/jwh,413\" rel=\"noreferrer nofollow\">dig.library.vcu.edu/u?/jwh,413</a>\n\n<b>Collection</b>: <a href=\"http://go.vcu.edu/jacksonward\" rel=\"noreferrer nofollow\">VCU Jackson Ward Historic District</a>\n\n",
    "date_taken": "1978-01-01 00:00:00",
    "url": "https://live.staticflickr.com/6123/6030178926_f993ff3e01_o.jpg",
    "width": 4005,
    "height": 2526
}