{
    "id": "6030346894",
    "originalformat": "jpg",
    "username": "VCU Libraries",
    "location": null,
    "title": "624 North Fourth Street",
    "description": "\n<b>Address/Title</b>: 624 North Fourth Street\n\n<b>Photographer</b>: Zehmer, John G. (John Granderson), 1942-\n\n<b>Original Description (from Book)</b>: A larger well-preserved house, the ornament was made by a jigsaw.\n\n<b>City/Location</b>: Richmond (Va.)\n\n<b>Date of photograph</b>: ca. 1978\n\n<b>Map URL</b>: <a href=\"http://maps.google.com/maps?q=37.546366,+-77.435309+(624 North Fourth Street, Richmond, VA)&amp;iwloc=A&amp;hl=en\" rel=\"noreferrer nofollow\">maps.google.com/maps?q=37.546366,+-77.435309+(624%20North...</a>\n\n<b>Original Publication</b>: Zehmer, John G., and Robert P. Winthrop. 1978. The Jackson Ward historic district. Richmond: Dept. of Planning and Community Development.\n\n<b>Rights</b>: <a href=\"http://www.library.vcu.edu/copyright.html\" rel=\"noreferrer nofollow\">www.library.vcu.edu/copyright.html</a>\n\n<b>Reference URL</b>: <a href=\"http://dig.library.vcu.edu/u?/jwh,740\" rel=\"noreferrer nofollow\">dig.library.vcu.edu/u?/jwh,740</a>\n\n<b>Collection</b>: <a href=\"http://go.vcu.edu/jacksonward\" rel=\"noreferrer nofollow\">VCU Jackson Ward Historic District</a>\n\n",
    "date_taken": "1978-01-01 00:00:00",
    "url": "https://live.staticflickr.com/6121/6030346894_24e230ffd3_o.jpg",
    "width": 2455,
    "height": 4002
}